年月日,国内株式,国内債券,国内リート,先進国株式,先進国債券,先進国リート,新興国株式,新興国債券,全世界株式
2018-10-31,10845,10328,15549,14947,10892,14759,13949,10701,10000
2018-11-01,10750,10328,15638,15068,10833,14545,14175,10612,10077
2018-11-02,10928,10324,15629,15247,10891,14644,14459,10728,10209
2018-11-05,10807,10322,15670,15243,10900,14572,14845,10832,10228
2018-11-06,10934,10320,15720,15293,10918,14726,14782,10898,10259
2018-11-07,10888,10322,15804,15361,10927,14814,14782,10928,10293
2018-11-08,11077,10321,15845,15681,10957,15055,14949,11006,10494
2018-11-09,11022,10323,15709,15697,10951,15129,14887,10961,10493
2018-11-12,11015,10328,15901,15543,10937,15112,14625,10889,10388
2018-11-13,10794,10333,15868,15230,10875,15036,14419,10790,10187
2018-11-14,10813,10339,15898,15299,10940,15113,14487,10807,10232
2018-11-15,10798,10341,15975,15163,10921,15041,14475,10832,10156
2018-11-16,10734,10343,15910,15253,10928,14895,14671,10887,10217
2018-11-19,10789,10359,15988,15176,10885,14895,14634,10885,10176
2018-11-20,10712,10350,15980,14973,10892,14893,14630,10891,10059
2018-11-21,10647,10360,15946,14734,10878,14796,14414,10851,9907
2018-11-22,10734,10360,15985,14854,10912,14865,14512,10920,9987
2018-11-26,10755,10366,16078,14755,10906,14859,14395,10900,9925
2018-11-27,10834,10368,16159,15020,10947,14941,14555,10895,10087
2018-11-28,10896,10356,16250,15060,10954,15013,14667,10922,10122
2018-11-29,10933,10373,16094,15311,10979,15138,14865,10959,10277
2018-11-30,10986,10370,16212,15290,10988,15072,14890,11022,10271
2018-12-03,11129,10374,16191,15372,10992,15137,14888,11039,10325
2018-12-04,10866,10392,16210,15547,11010,15218,15179,11067,10426
2018-12-05,10808,10386,16209,15060,10968,14925,15008,10945,10143
2018-12-06,10611,10395,16192,15017,10978,14925,14871,10937,10096
2018-12-07,10676,10384,16268,14870,10998,15184,14544,10897,9995
2018-12-10,10474,10398,16027,14623,10988,15056,14476,10899,9842
2018-12-11,10380,10396,15989,14627,11034,14978,14290,10875,9824
2018-12-12,10587,10392,16035,14718,11052,15057,14399,10923,9897
2018-12-13,10652,10390,16097,14839,11052,14895,14599,10973,9983
2018-12-14,10491,10405,16224,14859,11066,14961,14714,10978,9992
2018-12-17,10504,10411,16231,14599,11042,14911,14491,10920,9835
2018-12-18,10295,10421,16107,14273,11001,14415,14350,10897,9633
2018-12-19,10253,10415,16037,14212,11008,14458,14260,10882,9588
2018-12-20,9995,10430,15866,14081,11036,14336,14271,10914,9501
2018-12-21,9804,10414,15689,13734,10948,14044,14055,10842,9283
2018-12-25,9325,10439,15533,13091,10805,13312,13779,10676,8878
2018-12-26,9448,10433,15761,13167,10869,13386,13814,10721,8929
2018-12-27,9909,10427,15835,13649,10885,13759,13911,10772,9230
2018-12-28,9860,10448,15910,13695,10918,13731,13926,10810,9254
2019-01-04,9708,10489,15705,13179,10637,13199,13460,10607,8926
2019-01-07,9982,10468,15897,13712,10700,13493,13804,10812,9261
2019-01-08,10020,10455,15905,13835,10742,13642,13983,10885,9346
2019-01-09,10130,10443,16030,13949,10709,13893,13958,10838,9414
2019-01-10,10044,10451,16087,13991,10709,13856,14175,10851,9448
2019-01-11,10095,10460,16222,14073,10718,14027,14248,10885,9504
2019-01-15,10180,10460,16020,13988,10721,14037,14161,10899,9456
2019-01-16,10147,10467,16138,14105,10704,14148,14330,10886,9531
2019-01-17,10182,10468,16204,14207,10748,14318,14475,10988,9600
2019-01-18,10278,10465,16255,14343,10785,14424,14534,10989,9685
2019-01-21,10336,10468,16273,14563,10786,14498,14672,11010,9820
2019-01-22,10270,10474,16267,14562,10785,14485,14688,10978,9816
2019-01-23,10208,10476,16143,14367,10788,14426,14539,10926,9694
2019-01-24,10245,10477,16228,14399,10809,14479,14596,11008,9718
2019-01-25,10334,10486,16392,14438,10837,14520,14721,11033,9756
2019-01-28,10264,10488,16465,14533,10838,14682,14864,11062,9814
2019-01-29,10275,10485,16623,14400,10821,14783,14769,11022,9735
2019-01-30,10234,10483,16513,14442,10858,14956,14811,11071,9759
2019-01-31,10343,10490,16635,14580,10847,15024,14902,11101,9848
2019-02-01,10324,10519,16655,14665,10860,15088,15062,11203,9905
2019-02-04,10435,10510,16681,14767,10893,15064,15131,11272,9973
2019-02-05,10445,10513,16650,14899,10914,15233,15162,11308,10047
2019-02-06,10439,10513,16603,14984,10893,15271,15226,11300,10098
2019-02-07,10353,10501,16539,14953,10875,15211,15159,11270,10070
2019-02-08,10157,10523,16493,14788,10872,15298,15051,11222,9958
2019-02-12,10377,10508,16498,14889,10912,15416,15054,11211,10029
2019-02-13,10487,10500,16533,15060,10928,15311,15179,11251,10140
2019-02-14,10490,10505,16543,15153,10939,15383,15195,11205,10192
2019-02-15,10408,10519,16489,15057,10911,15298,15134,11166,10128
2019-02-18,10570,10519,16441,15245,10934,15400,15009,11212,10232
2019-02-19,10601,10524,16576,15250,10933,15411,15076,11208,10243
2019-02-20,10646,10528,16594,15317,10992,15471,15126,11267,10286
2019-02-21,10646,10534,16580,15357,10978,15373,15277,11269,10321
2019-02-22,10620,10531,16653,15318,10965,15392,15317,11243,10301
2019-02-25,10695,10526,16709,15411,10995,15499,15456,11292,10368
2019-02-26,10674,10514,16768,15474,11023,15454,15610,11327,10413
2019-02-27,10696,10511,16757,15423,11013,15380,15524,11314,10380
2019-02-28,10611,10510,16714,15452,10999,15350,15500,11343,10387
2019-03-01,10664,10498,16635,15512,11046,15452,15438,11370,10418
2019-03-04,10742,10486,16714,15668,11077,15470,15503,11376,10513
2019-03-05,10687,10482,16769,15604,11064,15499,15520,11349,10477
2019-03-06,10661,10492,16701,15563,11035,15516,15528,11339,10452
2019-03-07,10571,10500,16681,15483,11063,15438,15520,11293,10402
2019-03-08,10378,10525,16573,15335,11039,15389,15308,11194,10292
2019-03-11,10438,10526,16723,15196,10995,15313,15046,11152,10200
2019-03-12,10597,10521,16751,15473,11069,15549,15304,11245,10382
2019-03-13,10508,10535,16768,15484,11065,15588,15407,11255,10390
2019-03-14,10484,10536,16905,15601,11085,15653,15399,11272,10452
2019-03-15,10578,10530,16951,15699,11131,15779,15453,11302,10516
2019-03-18,10651,10530,17006,15741,11121,15683,15539,11331,10550
2019-03-19,10627,10540,17110,15772,11113,15591,15676,11343,10577
2019-03-20,10655,10533,17140,15832,11137,15589,15734,11381,10616
2019-03-22,10673,10566,17136,15764,11106,15701,15599,11380,10570
2019-03-25,10411,10582,17058,15359,11043,15502,15318,11151,10309
2019-03-26,10677,10557,17154,15383,11098,15558,15205,11233,10330
2019-03-27,10737,10558,17478,15520,11106,15745,15281,11226,10415
2019-03-28,10560,10592,17366,15435,11106,15672,15159,11094,10348
2019-03-29,10618,10587,17252,15558,11144,15861,15296,11149,10429
2019-04-01,10777,10570,17064,15674,11144,15838,15486,11174,10519
2019-04-02,10751,10559,17072,15896,11135,15921,15714,11309,10656
2019-04-03,10819,10561,17041,15935,11164,16009,15745,11299,10684
2019-04-04,10806,10553,17014,16012,11151,16033,15862,11317,10734
2019-04-05,10844,10542,17006,16051,11170,16023,15917,11351,10763
2019-04-08,10807,10559,17021,16058,11136,15993,15930,11332,10765
2019-04-09,10797,10556,16955,16080,11150,15929,15986,11352,10781
2019-04-10,10724,10566,16930,15963,11138,15807,16013,11330,10715
2019-04-11,10716,10573,16944,16008,11155,15978,16052,11390,10742
2019-04-12,10709,10566,16959,16107,11210,16059,15999,11404,10791
2019-04-15,10858,10547,16941,16240,11208,16154,16081,11449,10879
2019-04-16,10849,10543,17010,16238,11201,16089,16034,11431,10874
2019-04-17,10877,10526,16944,16270,11189,15841,16164,11419,10904
2019-04-18,10773,10541,17013,16237,11177,15674,16191,11422,10882
2019-04-19,10784,10532,17010,16239,11174,15762,16139,11402,10880
2019-04-22,10797,10535,17116,16237,11178,15760,16132,11409,10880
2019-04-23,10825,10540,17143,16228,11156,15581,16047,11379,10870
2019-04-24,10753,10549,17168,16348,11140,15723,16093,11353,10934
2019-04-25,10809,10537,17213,16340,11176,15909,16018,11280,10927
2019-04-26,10792,10549,17125,16253,11111,15830,15875,11195,10868
2019-05-07,10673,10560,17144,16113,11062,15844,15520,11075,10755
2019-05-08,10490,10565,17095,15802,11032,15550,15344,10971,10560
2019-05-09,10346,10561,17042,15762,11006,15472,15239,10976,10520
2019-05-10,10337,10559,17124,15657,11004,15493,14913,10953,10437
2019-05-13,10284,10555,17137,15699,10997,15612,14953,11000,10460
2019-05-14,10242,10560,17157,15339,10983,15553,14657,10907,10237
2019-05-15,10303,10561,17273,15479,10983,15619,14666,10959,10318
2019-05-16,10260,10574,17349,15552,10991,15668,14675,10974,10356
2019-05-17,10372,10564,17424,15762,11019,15812,14656,10975,10476
2019-05-20,10376,10552,17679,15709,11042,15804,14500,10964,10435
2019-05-21,10345,10557,17590,15611,11028,15661,14449,10969,10376
2019-05-22,10317,10567,17514,15772,11052,15839,14574,11020,10471
2019-05-23,10279,10573,17664,15696,11037,15780,14525,10981,10424
2019-05-24,10284,10582,17645,15435,11038,15701,14279,10925,10263
2019-05-27,10324,10578,17575,15457,11030,15736,14275,10960,10278
2019-05-28,10348,10588,17508,15472,11030,15740,14305,10969,10291
2019-05-29,10251,10608,17694,15329,11005,15543,14255,10915,10201
2019-05-30,10222,10595,17645,15232,11050,15416,14311,10975,10151
2019-05-31,10090,10614,17413,15224,11021,15367,14364,10913,10142
2019-06-03,10002,10608,17272,14938,10983,15295,14303,10883,9976
2019-06-04,10002,10622,17293,14882,11001,15291,14407,10912,9954
2019-06-05,10210,10649,17248,15165,11020,15277,14400,10976,10119
2019-06-06,10175,10647,17374,15292,11038,15546,14395,10977,10187
2019-06-07,10225,10646,17494,15396,11082,15604,14406,11015,10247
2019-06-10,10362,10664,17442,15564,11147,15673,14470,11082,10354
2019-06-11,10418,10656,17492,15628,11106,15657,14672,11119,10409
2019-06-12,10370,10661,17539,15672,11131,15708,14854,11207,10443
2019-06-13,10285,10654,17558,15606,11097,15683,14729,11185,10392
2019-06-14,10319,10662,17647,15643,11104,15757,14679,11181,10410
2019-06-17,10273,10662,17609,15618,11110,15762,14596,11194,10387
2019-06-18,10200,10667,17626,15618,11097,15856,14551,11176,10379
2019-06-19,10376,10682,17640,15784,11138,15865,14747,11238,10497
2019-06-20,10407,10718,17764,15753,11093,15838,14886,11239,10494
2019-06-21,10314,10705,17671,15835,11098,15843,15026,11316,10544
2019-06-24,10326,10688,17610,15830,11099,15704,15006,11327,10540
2019-06-25,10297,10687,17765,15789,11118,15605,15008,11327,10516
2019-06-26,10251,10672,17752,15667,11120,15497,14895,11309,10438
2019-06-27,10378,10661,17643,15705,11143,15304,15001,11375,10476
2019-06-28,10365,10681,17666,15770,11162,15420,15124,11403,10521
2019-07-01,10591,10667,17782,15921,11216,15573,15180,11479,10623
2019-07-02,10622,10664,17885,16046,11216,15584,15324,11508,10703
2019-07-03,10552,10690,17940,15987,11169,15672,15238,11441,10660
2019-07-04,10622,10695,18029,16130,11223,15901,15210,11501,10739
2019-07-05,10640,10701,18095,16149,11232,15943,15288,11545,10757
2019-07-08,10545,10686,17959,16176,11212,15997,15293,11541,10766
2019-07-09,10521,10686,18117,16149,11249,16053,15162,11570,10739
2019-07-10,10497,10665,18179,16167,11238,16111,15127,11563,10744
2019-07-11,10546,10676,18287,16115,11172,16061,15138,11545,10720
2019-07-12,10530,10649,18181,16184,11171,15959,15249,11611,10766
2019-07-16,10479,10656,18339,16168,11135,15836,15210,11578,10750
2019-07-17,10471,10661,18378,16174,11139,15851,15290,11574,10760
2019-07-18,10250,10671,18291,16030,11134,15750,15158,11533,10656
2019-07-19,10447,10670,18342,16033,11143,15748,15113,11581,10668
2019-07-22,10397,10670,18296,16017,11161,15589,15210,11625,10664
2019-07-23,10480,10677,18253,16055,11169,15535,15180,11649,10688
2019-07-24,10521,10682,18287,16174,11155,15706,15224,11610,10759
2019-07-25,10540,10689,18257,16232,11175,15729,15221,11632,10791
2019-07-26,10497,10685,18378,16223,11209,15729,15273,11665,10788
2019-07-29,10478,10678,18304,16266,11168,15697,15176,11605,10802
2019-07-30,10525,10686,18361,16311,11222,15799,15193,11631,10831
2019-07-31,10456,10692,18421,16197,11194,15786,15114,11598,10758
2019-08-01,10471,10671,18378,16125,11231,15732,15061,11616,10716
2019-08-02,10244,10708,18429,15742,11091,15412,14622,11317,10458
2019-08-05,10059,10740,18411,15456,11050,15369,14234,11197,10258
2019-08-06,10015,10724,18498,14993,11091,15030,13708,11048,9961
2019-08-07,10020,10748,18447,15136,11126,15135,13783,11145,10044
2019-08-08,10012,10753,18479,15150,11169,15259,13777,11154,10050
2019-08-09,10046,10786,18520,15415,11115,15457,13950,11236,10210
2019-08-13,9930,10811,18601,15081,11075,15271,13695,11085,10002
2019-08-14,10016,10792,18612,15382,11169,15411,13792,11233,10178
2019-08-15,9913,10819,18756,14941,11176,15183,13632,11093,9919
2019-08-16,9923,10806,18952,14951,11236,15290,13646,11138,9927
2019-08-19,9984,10795,18996,15195,11243,15481,13790,11201,10074
2019-08-20,10066,10801,19048,15402,11211,15625,13906,11130,10201
2019-08-21,10004,10810,18989,15261,11221,15492,13914,11123,10122
2019-08-22,10008,10808,18997,15426,11235,15571,14001,11193,10219
2019-08-23,10036,10797,19021,15405,11211,15632,13879,11160,10200
2019-08-26,9875,10839,19005,14885,11100,15258,13603,10953,9885
2019-08-27,9951,10828,18919,15091,11160,15434,13585,11034,10000
2019-08-28,9956,10829,19073,15061,11196,15383,13621,10989,9987
2019-08-29,9958,10849,19111,15162,11256,15466,13671,11006,10048
2019-08-30,10102,10842,19102,15392,11265,15622,13816,11050,10194
2019-09-02,10058,10837,19070,15365,11202,15608,13942,11025,10186
2019-09-03,10096,10851,19038,15388,11204,15610,13948,11029,10202
2019-09-04,10069,10860,19203,15256,11212,15649,13791,11055,10116
2019-09-05,10253,10837,19286,15515,11282,15892,14107,11210,10295
2019-09-06,10271,10794,19435,15783,11266,15917,14346,11276,10463
2019-09-09,10364,10796,19613,15788,11287,15940,14406,11303,10477
2019-09-10,10410,10754,19465,15858,11297,16015,14515,11341,10527
2019-09-11,10582,10738,19293,15898,11275,15960,14521,11371,10562
2019-09-12,10659,10741,19212,16066,11302,16094,14712,11399,10674
2019-09-13,10757,10690,19473,16148,11333,16133,14817,11508,10734
2019-09-17,10789,10686,19355,16081,11272,16102,14839,11461,10702
2019-09-18,10736,10712,19330,16130,11301,16235,14753,11457,10717
2019-09-19,10797,10743,19427,16145,11334,16223,14792,11477,10731
2019-09-20,10800,10724,19575,16125,11315,16191,14679,11431,10712
2019-09-24,10845,10738,19544,15975,11310,16148,14625,11375,10629
2019-09-25,10825,10744,19753,15796,11293,16043,14479,11314,10519
2019-09-26,10847,10746,19852,15906,11284,16172,14494,11350,10580
2019-09-27,10822,10747,20012,15908,11299,16313,14538,11340,10584
2019-09-30,10713,10722,19983,15886,11319,16289,14443,11344,10556
2019-10-01,10816,10659,19864,15975,11326,16340,14487,11384,10615
2019-10-02,10769,10686,19938,15737,11300,16154,14381,11289,10474
2019-10-03,10584,10721,19999,15341,11245,15990,14176,11256,10231
2019-10-04,10611,10734,20206,15397,11275,16082,14212,11332,10266
2019-10-07,10611,10739,20255,15566,11279,16157,14237,11374,10359
2019-10-08,10705,10714,20446,15631,11314,16238,14265,11379,10403
2019-10-09,10671,10716,20611,15375,11291,16112,14215,11342,10258
2019-10-10,10670,10722,20420,15529,11293,16164,14256,11386,10345
2019-10-11,10764,10695,20410,15759,11346,16302,14433,11510,10491
2019-10-15,10931,10688,20377,15986,11368,16417,14755,11570,10652
2019-10-16,11007,10682,20589,16182,11381,16538,14822,11565,10769
2019-10-17,10958,10678,20539,16179,11405,16589,14919,11588,10773
2019-10-18,10942,10667,20469,16223,11426,16641,14972,11620,10800
2019-10-21,10988,10653,20675,16145,11420,16687,14890,11670,10754
2019-10-23,11052,10659,20676,16183,11380,16777,14998,11685,10788
2019-10-24,11090,10672,20577,16262,11425,16857,15022,11755,10835
2019-10-25,11121,10665,20573,16315,11424,16848,15085,11748,10870
2019-10-28,11121,10657,20569,16377,11396,16733,15105,11798,10906
2019-10-29,11218,10635,20661,16487,11383,16725,15220,11833,10982
2019-10-30,11239,10648,20575,16454,11383,16734,15198,11797,10964
2019-10-31,11247,10670,20628,16515,11426,16833,15216,11779,10999
2019-11-01,11244,10712,20715,16329,11397,16671,15047,11660,10884
2019-11-05,11431,10673,20736,16664,11403,16719,15495,11816,11116
2019-11-06,11433,10630,20484,16686,11374,16552,15639,11833,11140
2019-11-07,11458,10627,20515,16676,11376,16538,15584,11775,11132
2019-11-08,11488,10596,19991,16799,11348,16484,15734,11828,11213
2019-11-11,11496,10599,19929,16775,11303,16360,15540,11724,11183
2019-11-12,11535,10572,19543,16759,11305,16392,15397,11720,11166
2019-11-13,11471,10583,19368,16749,11273,16236,15370,11609,11153
2019-11-14,11364,10608,19488,16719,11287,16293,15205,11568,11115
2019-11-15,11447,10602,19725,16694,11304,16389,15163,11555,11103
2019-11-18,11474,10617,19884,16853,11340,16516,15282,11659,11202
2019-11-19,11447,10623,20113,16821,11326,16555,15270,11582,11181
2019-11-20,11409,10641,20473,16829,11341,16608,15358,11599,11190
2019-11-21,11398,10651,20461,16735,11339,16502,15251,11571,11129
2019-11-22,11411,10618,20313,16736,11341,16350,15216,11617,11128
2019-11-25,11490,10619,20281,16786,11350,16349,15272,11612,11165
2019-11-26,11508,10634,20408,16953,11375,16456,15382,11596,11267
2019-11-27,11544,10656,20533,17003,11405,16627,15327,11583,11291
2019-11-28,11524,10637,20516,17108,11414,16756,15426,11586,11354
2019-11-29,11465,10630,20435,17130,11431,16789,15420,11606,11361
2019-12-02,11568,10603,20339,17078,11447,16744,15263,11630,11328
2019-12-03,11514,10585,20164,16855,11361,16472,15189,11598,11198
2019-12-04,11491,10602,20111,16654,11380,16423,15050,11540,11075
2019-12-05,11546,10609,20079,16815,11386,16520,15102,11614,11169
2019-12-06,11560,10582,20102,16825,11366,16545,15203,11639,11184
2019-12-09,11618,10572,20039,16936,11314,16565,15258,11649,11252
2019-12-10,11609,10587,20026,16900,11337,16604,15270,11669,11233
2019-12-11,11569,10572,19881,16900,11357,16546,15279,11677,11231
2019-12-12,11555,10587,19867,16929,11380,16324,15390,11717,11256
2019-12-13,11739,10588,19588,17238,11463,16279,15737,11873,11466
2019-12-16,11717,10596,19445,17236,11474,16219,15911,11860,11478
2019-12-17,11787,10585,19447,17403,11465,16343,15958,11923,11577
2019-12-18,11727,10585,19417,17385,11461,16202,16154,11920,11580
2019-12-19,11712,10579,19524,17399,11440,16335,16284,11935,11599
2019-12-20,11691,10559,19430,17412,11401,16387,16214,11918,11597
2019-12-23,11667,10560,19503,17484,11384,16442,16224,11901,11635
2019-12-24,11658,10557,19582,17511,11386,16388,16284,11928,11654
2019-12-25,11612,10579,19732,17494,11379,16408,16238,11938,11639
2019-12-26,11678,10578,19887,17535,11408,16445,16279,11966,11669
2019-12-27,11709,10579,19868,17624,11431,16531,16337,11995,11723
2019-12-30,11629,10593,19839,17646,11482,16616,16415,12048,11736
2020-01-06,11467,10604,19887,17385,11361,16419,16238,11890,11569
2020-01-07,11653,10578,19807,17477,11401,16472,16154,11944,11624
2020-01-08,11493,10590,19587,17347,11305,16258,16088,11827,11539
2020-01-09,11680,10580,19694,17624,11411,16475,16280,12022,11717
2020-01-10,11720,10575,19724,17779,11433,16501,16553,12060,11828
2020-01-14,11757,10561,19754,17940,11508,16818,16888,12150,11947
2020-01-15,11693,10562,19695,17902,11500,16757,16817,12124,11916
2020-01-16,11677,10560,19827,17941,11538,16895,16749,12128,11930
2020-01-17,11723,10565,19947,18117,11563,17107,16848,12142,12036
2020-01-20,11782,10556,20055,18162,11520,17105,16918,12147,12071
2020-01-21,11719,10578,19997,18167,11525,17096,16901,12134,12067
2020-01-22,11781,10575,20163,18062,11524,17143,16565,12084,11985
2020-01-23,11689,10598,20198,18038,11518,17044,16653,12104,11974
2020-01-24,11689,10600,20278,17989,11529,17113,16460,12075,11932
2020-01-27,11501,10627,20201,17811,11487,17000,16318,12006,11811
2020-01-28,11431,10620,20229,17480,11517,16847,16029,11902,11603
2020-01-29,11484,10623,20310,17670,11518,16899,16058,11930,11711
2020-01-30,11315,10639,20398,17656,11537,16874,15981,11943,11685
2020-01-31,11379,10638,20529,17666,11572,16868,15667,11901,11667
2020-02-03,11299,10632,20332,17326,11561,16625,15372,11820,11453
2020-02-04,11379,10622,20347,17424,11542,16638,15408,11857,11514
2020-02-05,11498,10605,20447,17824,11592,16927,15889,11994,11779
2020-02-06,11737,10592,20401,18053,11582,16984,16039,12062,11933
2020-02-07,11703,10614,20518,18130,11579,17041,16192,12020,11987
2020-02-10,11617,10634,20477,17990,11572,16968,15994,11935,11888
2020-02-12,11613,10619,20607,18175,11581,17178,16161,12002,12003
2020-02-13,11573,10611,20646,18288,11557,17248,16320,12010,12074
2020-02-14,11504,10607,20687,18258,11556,17340,16261,11990,12049
2020-02-17,11402,10619,20664,18269,11560,17513,16262,12021,12048
2020-02-18,11253,10636,20766,18287,11559,17510,16281,11992,12048
2020-02-19,11295,10629,20777,18233,11568,17517,16128,11981,12010
2020-02-20,11313,10628,20846,18562,11710,17540,16448,12140,12216
2020-02-21,11309,10646,20789,18612,11811,17820,16420,12134,12241
2020-02-25,10933,10674,20561,17661,11782,17403,15664,11969,11638
2020-02-26,10850,10662,20264,17110,11755,16895,15568,11885,11328
2020-02-27,10597,10669,19911,17047,11757,16715,15390,11857,11261
2020-02-28,10211,10722,18811,16274,11707,15853,15091,11669,10793
2020-03-02,10310,10713,18762,15771,11604,15185,14488,11376,10476
2020-03-03,10171,10682,18913,16401,11718,15699,14778,11579,10831
2020-03-04,10156,10703,19188,16011,11684,15625,14770,11550,10621
2020-03-05,10245,10668,19626,16549,11706,16132,14937,11633,10931
2020-03-06,9948,10703,19042,15941,11623,15694,14767,11384,10569
2020-03-09,9388,10743,17841,14996,11338,14826,13743,10792,9933
2020-03-10,9509,10662,17762,14025,11588,13972,13087,10752,9362
2020-03-11,9364,10671,17796,14692,11593,14545,13563,10934,9751
2020-03-12,8972,10648,16656,14065,11519,13756,13227,10665,9356
2020-03-13,8515,10591,14937,12699,11407,12415,12401,10338,8521
2020-03-16,8355,10575,14497,13821,11457,13328,12764,10533,9140
2020-03-17,8565,10582,14334,12370,11441,11107,11852,10197,8294
2020-03-18,8589,10544,13191,13019,11311,11490,11904,10200,8645
2020-03-19,8679,10504,10809,12480,11214,10492,11463,9941,8320
2020-03-23,8732,10524,12258,12444,11573,10508,11837,9988,8339
2020-03-24,9021,10543,13792,12058,11706,9989,11250,9847,8102
2020-03-25,9629,10545,15345,13213,11718,10892,11955,10016,8832
2020-03-26,9457,10553,14813,13461,11731,11422,12438,10199,8993
2020-03-27,9863,10547,14442,13952,11689,11830,12469,10244,9286
2020-03-30,9813,10560,14746,13340,11636,11696,12120,10074,8923
2020-03-31,9595,10545,14966,13826,11726,11850,12134,10109,9170
2020-04-01,9235,10564,14073,13596,11578,11657,12224,10038,9029
2020-04-02,9093,10583,13780,13025,11545,10970,11879,9890,8684
2020-04-03,9061,10579,13506,13298,11568,10927,12134,9931,8852
2020-04-06,9410,10560,13349,13208,11647,10771,12113,9891,8827
2020-04-07,9598,10550,14469,14037,11625,11553,12498,10016,9319
2020-04-08,9741,10544,14638,14057,11570,11768,12782,10111,9365
2020-04-09,9690,10536,14537,14466,11619,12402,12804,10222,9581
2020-04-10,9775,10549,14527,14646,11636,13055,12901,10290,9693
2020-04-13,9614,10544,14539,14598,11603,13015,12866,10280,9652
2020-04-14,9802,10534,14561,14422,11531,12521,12743,10234,9562
2020-04-15,9807,10529,14451,14722,11502,12717,12896,10284,9738
2020-04-16,9723,10537,14566,14406,11553,12247,12802,10211,9552
2020-04-17,9861,10518,14790,14511,11598,12102,12817,10278,9621
2020-04-20,9794,10525,14932,14891,11578,12486,13043,10316,9839
2020-04-21,9682,10530,14470,14694,11542,12061,12979,10298,9718
2020-04-22,9618,10559,14365,14237,11547,11818,12679,10228,9442
2020-04-23,9751,10570,14814,14526,11491,11913,12834,10209,9620
2020-04-24,9717,10576,14559,14531,11498,11829,12853,10181,9621
2020-04-27,9895,10577,14887,14647,11531,11853,12708,10150,9685
2020-04-28,9911,10591,14716,14857,11498,12222,12885,10128,9813
2020-04-30,10007,10583,14831,15176,11498,12670,13210,10312,10020
2020-05-01,9784,10573,14722,15068,11603,12584,13273,10370,9951
2020-05-07,9755,10553,14803,14597,11327,11793,12783,10172,9654
2020-05-08,9969,10551,15564,14808,11421,12007,12816,10255,9785
2020-05-11,10124,10540,15794,15108,11479,12302,13076,10402,9979
2020-05-12,10094,10553,15456,15165,11464,12171,13174,10412,10017
2020-05-13,10084,10550,15093,14904,11475,11627,13042,10391,9863
2020-05-14,9885,10553,14931,14597,11459,11326,13031,10351,9685
2020-05-15,9938,10542,14617,14718,11522,11387,13000,10432,9750
2020-05-18,9978,10551,14740,14746,11476,11329,12951,10421,9763
2020-05-19,10159,10541,14989,15272,11508,11977,13173,10564,10078
2020-05-20,10216,10546,15148,15264,11608,12009,13400,10647,10098
2020-05-21,10194,10559,15185,15458,11616,12058,13471,10751,10207
2020-05-22,10101,10562,15233,15337,11622,12059,13449,10845,10132
2020-05-25,10270,10545,15466,15319,11592,12072,13089,10810,10103
2020-05-26,10491,10542,15649,15397,11613,12129,13188,10849,10171
2020-05-27,10592,10548,15764,15577,11592,12598,13372,10924,10292
2020-05-28,10784,10547,15761,15835,11676,12825,13441,10992,10450
2020-05-29,10686,10533,16033,15824,11659,12793,13352,10947,10431
2020-06-01,10724,10530,15761,15883,11735,12693,13508,11014,10471
2020-06-02,10852,10529,16040,15980,11713,12973,13754,11071,10554
2020-06-03,10930,10524,16348,16336,11874,13306,14170,11358,10789
2020-06-04,10962,10504,16051,16625,11833,13784,14447,11435,10970
2020-06-05,11021,10487,16205,16629,11903,13778,14507,11435,10982
2020-06-08,11145,10485,16518,17088,11897,14355,14782,11519,11261
2020-06-09,11129,10512,16567,17019,11775,14486,14684,11395,11214
2020-06-10,11103,10511,16593,16850,11773,14203,14634,11328,11118
2020-06-11,10859,10528,16103,16674,11736,13733,14571,11258,11000
2020-06-12,10734,10518,16177,15707,11701,12873,14204,11057,10443
2020-06-15,10461,10529,15427,15927,11742,13323,14221,11122,10541
2020-06-16,10889,10509,16103,16065,11804,13464,13998,11165,10625
2020-06-17,10847,10508,16222,16380,11751,13745,14279,11089,10816
2020-06-18,10818,10508,16223,16280,11687,13529,14278,11021,10760
2020-06-19,10817,10505,15881,16276,11694,13422,14310,10977,10760
2020-06-22,10791,10510,15891,16196,11660,13091,14376,10999,10722
2020-06-23,10847,10508,15947,16321,11752,13136,14421,11080,10798
2020-06-24,10801,10504,16085,16368,11708,13052,14562,11088,10833
2020-06-25,10673,10505,15854,16013,11755,12814,14537,11032,10633
2020-06-26,10779,10504,16119,16160,11759,12917,14501,11055,10715
2020-06-29,10603,10504,15701,15885,11786,12748,14426,11002,10549
2020-06-30,10667,10489,15764,16142,11841,12952,14433,11069,10691
2020-07-01,10530,10468,15789,16399,11880,13094,14504,11093,10827
2020-07-02,10559,10467,16061,16382,11791,13310,14507,11087,10821
2020-07-03,10623,10486,15997,16528,11815,13340,14846,11112,10934
2020-07-06,10792,10470,15953,16528,11840,13345,15000,11102,10960
2020-07-07,10755,10476,16014,16756,11837,13310,15364,11098,11112
2020-07-08,10656,10503,15961,16641,11868,13062,15278,11040,11036
2020-07-09,10656,10509,15937,16685,11872,12991,15525,11084,11083
2020-07-10,10507,10508,15744,16547,11847,12838,15599,11069,11005
2020-07-13,10764,10485,15796,16670,11833,12875,15430,11090,11072
2020-07-14,10711,10491,15768,16653,11859,12878,15495,11105,11065
2020-07-15,10878,10487,15834,16824,11926,12933,15394,11153,11160
2020-07-16,10806,10497,15692,16963,11885,13036,15403,11110,11229
2020-07-17,10771,10503,15722,16932,11919,12882,15178,11131,11190
2020-07-20,10791,10493,15680,17032,11948,13047,15330,11137,11258
2020-07-21,10830,10504,15672,17147,11963,12861,15453,11140,11334
2020-07-22,10764,10503,15801,17154,11973,12923,15702,11226,11357
2020-07-27,10789,10502,15886,16746,11946,12831,15188,11159,11092
2020-07-28,10736,10503,15845,16797,11948,12851,15303,11187,11127
2020-07-29,10598,10514,15920,16676,11916,13046,15382,11123,11060
2020-07-30,10534,10515,15816,16849,11932,13262,15447,11130,11155
2020-07-31,10238,10522,15801,16677,11957,13182,15330,11074,11032
2020-08-03,10418,10507,15764,16928,12068,13357,15467,11165,11191
2020-08-04,10642,10514,16009,17094,12053,13209,15476,11150,11296
2020-08-05,10638,10520,16087,17088,12059,13358,15588,11099,11303
2020-08-06,10604,10513,15907,17200,12060,13352,15747,11129,11374
2020-08-07,10583,10516,15866,17258,12085,13361,15813,11104,11410
2020-08-11,10850,10499,15902,17352,12061,13612,15594,11055,11459
2020-08-12,10985,10483,15910,17382,12053,13549,15731,11131,11496
2020-08-13,11111,10486,16032,17666,12088,13659,15812,11143,11664
2020-08-14,11107,10469,15983,17674,12081,13538,15863,11187,11674
2020-08-17,11013,10474,16030,17564,12056,13484,15760,11164,11599
2020-08-18,11020,10479,16213,17533,12022,13493,15743,11013,11581
2020-08-19,11040,10486,16040,17464,11994,13334,15730,10999,11545
2020-08-20,10941,10480,16092,17545,12040,13205,15761,11069,11583
2020-08-21,10973,10474,16459,17500,12035,13327,15485,11033,11536
2020-08-24,10995,10487,16452,17523,12005,13342,15629,10995,11564
2020-08-25,11119,10489,16559,17744,12025,13477,15899,11036,11715
2020-08-26,11113,10477,16498,17873,12047,13562,16070,11104,11799
2020-08-27,11054,10478,16564,17961,11984,13412,16051,11025,11840
2020-08-28,10982,10460,16585,18073,12026,13633,16120,11080,11902
2020-08-31,11072,10471,16679,17956,11941,13573,16016,11088,11836
2020-09-01,11056,10474,16382,18020,12022,13535,15785,11120,11847
2020-09-02,11108,10474,16466,18129,12043,13515,16050,11203,11933
2020-09-03,11162,10481,16698,18394,12080,13753,16084,11161,12083
2020-09-04,11061,10476,16591,17839,12095,13644,15921,11156,11764
2020-09-07,11014,10470,16314,17689,12055,13587,15820,11182,11671
2020-09-08,11090,10480,16359,17733,12020,13581,15749,11154,11692
2020-09-09,10984,10488,16301,17241,11986,13384,15581,11059,11406
2020-09-10,11118,10488,16307,17622,12011,13499,15628,11181,11623
2020-09-11,11198,10500,16179,17374,12002,13335,15578,11142,11491
2020-09-14,11297,10501,16207,17386,12040,13260,15687,11163,11514
2020-09-15,11228,10503,16392,17513,12014,13489,15811,11158,11589
2020-09-16,11251,10502,16598,17555,11959,13548,15865,11136,11617
2020-09-17,11209,10505,16604,17438,11902,13590,15882,11132,11553
2020-09-18,11265,10505,16174,17289,11929,13416,15741,11123,11462
2020-09-23,11250,10510,16154,16994,11873,12835,15415,10930,11276
2020-09-24,11128,10506,16308,16753,11888,12570,15366,10834,11135
2020-09-25,11181,10504,16559,16766,11906,12611,15149,10863,11124
2020-09-28,11369,10491,16672,16935,11871,12778,15127,10785,11225
2020-09-29,11437,10497,16698,17232,11900,13093,15277,10753,11403
2020-09-30,11212,10501,16514,17248,11996,13010,15332,10827,11401
2020-10-01,11214,10495,16514,17286,11937,13021,15491,10865,11436
2020-10-02,11099,10501,16430,17392,11946,13290,15532,10913,11488
2020-10-05,11292,10495,16656,17275,11949,13490,15479,10897,11434
2020-10-06,11351,10481,16770,17588,11954,13598,15643,10975,11621
2020-10-07,11356,10482,16660,17389,11926,13550,15753,10920,11525
2020-10-08,11418,10486,16625,17702,11971,13602,15938,10985,11713
2020-10-09,11362,10484,16537,17830,11985,13794,16052,11001,11788
2020-10-12,11333,10486,16486,17934,11992,13708,16088,11042,11845
2020-10-13,11373,10483,16555,18113,11961,13718,16224,10991,11956
2020-10-14,11337,10483,16445,18016,11965,13535,16236,10980,11903
2020-10-15,11254,10492,16349,17897,11960,13368,16187,10950,11830
2020-10-16,11157,10497,16165,17797,11951,13414,15991,10912,11753
2020-10-19,11296,10495,16240,17852,11970,13271,16049,10962,11796
2020-10-20,11212,10503,16064,17681,11997,13148,16117,10996,11706
2020-10-21,11294,10491,16082,17712,11982,13213,16190,11022,11734
2020-10-22,11171,10492,16073,17505,11890,13107,16120,10961,11609
2020-10-23,11208,10484,16143,17565,11844,13177,16110,10966,11643
2020-10-26,11166,10487,15894,17650,11875,13244,16119,10975,11686
2020-10-27,11156,10491,15894,17352,11893,13062,16052,10966,11520
2020-10-28,11121,10493,15754,17206,11864,12790,16038,10892,11438
2020-10-29,11111,10493,15926,16625,11835,12477,15839,10812,11110
2020-10-30,10892,10481,15689,16769,11814,12587,15887,10800,11175
2020-11-02,11090,10483,15755,16608,11800,12543,15657,10811,11082
2020-11-04,11224,10485,15996,17143,11822,13109,15868,10877,11397
2020-11-05,11379,10505,16307,17462,11850,13095,16094,10932,11600
2020-11-06,11441,10503,16218,17716,11834,13133,16416,11016,11769
2020-11-09,11601,10504,16375,17679,11806,13003,16519,11114,11771
2020-11-10,11732,10487,16416,18255,11889,13819,16986,11374,12129
2020-11-11,11929,10482,16632,18272,11878,14147,16800,11349,12136
2020-11-12,11905,10488,16450,18474,11902,14231,16854,11366,12248
2020-11-13,11749,10491,16262,18232,11900,13969,16809,11290,12104
2020-11-16,11947,10493,16171,18370,11899,14212,16907,11292,12201
2020-11-17,11967,10493,16241,18554,11888,14445,17043,11315,12315
2020-11-18,11869,10505,16157,18437,11862,14402,16962,11291,12237
2020-11-19,11908,10505,16090,18277,11825,14105,16967,11271,12156
2020-11-20,11916,10511,16109,18326,11858,14123,16920,11304,12178
2020-11-24,12159,10502,16168,18464,11934,14213,17299,11335,12304
2020-11-25,12195,10502,16144,18735,11947,14342,17384,11380,12460
2020-11-26,12268,10498,16217,18714,11942,14312,17263,11402,12443
2020-11-27,12323,10492,16317,18668,11921,14268,17350,11375,12430
2020-11-30,12107,10493,16227,18700,11933,14157,17325,11352,12431
2020-12-01,12199,10497,16374,18644,11953,14029,17015,11334,12379
2020-12-02,12238,10497,16243,18880,11964,14231,17321,11472,12536
2020-12-03,12247,10498,16225,18938,11990,14183,17409,11491,12576
2020-12-04,12251,10494,16342,18850,11967,14240,17465,11479,12534
2020-12-07,12147,10498,16178,19045,11965,14490,17665,11543,12650
2020-12-08,12132,10508,16367,19025,11985,14366,17669,11539,12638
2020-12-09,12276,10511,16334,19096,12022,14329,17696,11602,12688
2020-12-10,12252,10513,16283,18986,12013,14280,17730,11599,12632
2020-12-11,12292,10513,16435,18959,12029,14194,17700,11614,12616
2020-12-14,12351,10506,16493,18907,12047,14179,17731,11619,12595
2020-12-15,12293,10512,16464,18901,12065,14175,17637,11624,12579
2020-12-16,12326,10506,16618,19015,12009,14396,17598,11630,12638
2020-12-17,12366,10508,16653,19038,11979,14388,17728,11635,12666
2020-12-18,12372,10510,16487,19142,11994,14487,17815,11678,12730
2020-12-21,12341,10504,16412,19100,11975,14180,17765,11655,12700
2020-12-22,12150,10511,16484,18950,11983,14049,17600,11607,12593
2020-12-23,12178,10517,16586,19014,12002,14188,17533,11590,12621
2020-12-24,12240,10509,16674,19071,11982,14194,17685,11611,12671
2020-12-25,12268,10499,16627,19088,11967,14283,17594,11592,12672
2020-12-28,12334,10497,16909,19118,11994,14304,17630,11622,12698
2020-12-29,12564,10494,17080,19293,12039,14404,17641,11663,12809
2020-12-30,12465,10491,17186,19239,12031,14317,17788,11655,12788
2021-01-04,12395,10489,16923,19226,11998,14380,18056,11644,12803
2021-01-05,12369,10502,17107,19080,12008,14016,18210,11660,12738
2021-01-06,12405,10494,16868,19127,11968,13988,18388,11600,12781
2021-01-07,12613,10486,17135,19318,11965,14111,18375,11645,12895
2021-01-08,12812,10485,17185,19714,12009,14133,18596,11617,13142
2021-01-12,12832,10487,17171,19736,11980,14062,19063,11533,13200
2021-01-13,12876,10496,16989,19675,11923,14033,19062,11588,13170
2021-01-14,12939,10490,17010,19741,11983,14223,19199,11591,13223
2021-01-15,12822,10490,16900,19700,11961,14340,19306,11634,13203
2021-01-18,12745,10475,17050,19518,11917,14415,19084,11554,13080
2021-01-19,12817,10475,17204,19511,11906,14403,19105,11569,13085
2021-01-20,12773,10476,17244,19687,11966,14389,19457,11607,13208
2021-01-21,12849,10488,17247,19852,11917,14566,19682,11610,13323
2021-01-22,12822,10478,17380,19857,11905,14452,19722,11588,13329
2021-01-25,12858,10478,17328,19843,11940,14510,19592,11530,13311
2021-01-26,12763,10486,17264,19835,11954,14531,19826,11498,13322
2021-01-27,12846,10481,17548,19808,11959,14646,19518,11525,13284
2021-01-28,12699,10482,17628,19435,11989,14552,19341,11530,13057
2021-01-29,12492,10468,17838,19635,12012,14642,19140,11582,13130
2021-02-01,12638,10460,17741,19320,12019,14527,18866,11624,12946
2021-02-02,12756,10461,17578,19632,12016,14746,19369,11660,13167
2021-02-03,12922,10464,17746,19928,11998,14824,19695,11727,13368
2021-02-04,12881,10468,17824,19951,11983,14837,19847,11726,13391
2021-02-05,13059,10469,17888,20215,11997,14940,19870,11725,13546
2021-02-08,13287,10458,18172,20322,12018,15035,19993,11800,13630
2021-02-09,13298,10456,18158,20396,11995,15021,19988,11746,13672
2021-02-10,13334,10453,18329,20302,11967,15015,20037,11717,13628
2021-02-12,13356,10462,18594,20378,11991,15138,20309,11771,13697
2021-02-15,13495,10450,18745,20555,12003,15186,20405,11820,13812
2021-02-16,13572,10451,19241,20699,12031,15261,20581,11877,13912
2021-02-17,13547,10434,18795,20795,12031,15262,20745,11859,13975
2021-02-18,13411,10441,18540,20651,11975,15172,20744,11779,13890
2021-02-19,13322,10432,18718,20563,11973,15074,20462,11758,13811
2021-02-22,13386,10418,18820,20547,11940,15105,20471,11685,13807
2021-02-24,13142,10412,19147,20376,11923,15401,20005,11640,13654
2021-02-25,13306,10390,19271,20676,11971,15622,19856,11731,13813
2021-02-26,12880,10380,18741,20301,11904,15408,19877,11561,13583
2021-03-01,13140,10399,18727,20177,11940,15216,19329,11544,13483
2021-03-02,13089,10420,18700,20681,12003,15387,19763,11589,13788
2021-03-03,13155,10436,18685,20561,12030,15310,19709,11578,13723
2021-03-04,13020,10414,18633,20367,11987,15306,19983,11549,13634
2021-03-05,13097,10453,18434,20270,12029,15317,19650,11573,13556
2021-03-08,13081,10435,18421,20594,12057,15487,19696,11561,13731
2021-03-09,13246,10418,18236,20682,12083,15734,19332,11474,13754
2021-03-10,13259,10425,18381,20887,12083,15715,19448,11506,13875
2021-03-11,13295,10449,18589,20988,12105,15827,19551,11585,13940
2021-03-12,13477,10439,18844,21255,12161,15942,20056,11690,14145
2021-03-15,13599,10440,18893,21336,12130,16235,19964,11671,14185
2021-03-16,13687,10451,19260,21480,12160,16431,19891,11688,14261
2021-03-17,13704,10454,19279,21457,12134,16382,19962,11661,14256
2021-03-18,13874,10448,19387,21493,12126,16367,19936,11686,14286
2021-03-19,13899,10435,19202,21238,12063,16221,19917,11628,14148
2021-03-22,13748,10470,19148,21154,12045,15985,19746,11587,14075
2021-03-23,13619,10474,19193,21282,12087,16035,19758,11591,14137
2021-03-24,13323,10482,19136,21059,12042,15946,19500,11474,13975
2021-03-25,13509,10471,19091,20988,12069,15967,19186,11436,13918
2021-03-26,13706,10466,19440,21137,12115,16131,19141,11464,14008
2021-03-29,13766,10477,19393,21495,12127,16411,19459,11491,14233
2021-03-30,13779,10465,19585,21517,12111,16354,19543,11488,14255
2021-03-31,13613,10450,19571,21657,12164,16543,19839,11531,14347
2021-04-01,13638,10432,19384,21747,12184,16432,19848,11642,14398
2021-04-02,13737,10434,19489,21965,12226,16686,20084,11643,14544
2021-04-05,13818,10435,19687,21956,12208,16679,20113,11627,14548
2021-04-06,13615,10449,19560,22130,12201,16660,20055,11638,14621
2021-04-07,13706,10464,19777,22085,12180,16671,20101,11652,14606
2021-04-08,13597,10457,19845,22097,12175,16714,19943,11651,14593
2021-04-09,13650,10451,19980,22146,12160,16631,19963,11685,14624
2021-04-12,13618,10450,19870,22345,12173,16669,19819,11668,14713
2021-04-13,13645,10456,19808,22285,12145,16666,19664,11619,14669
2021-04-14,13599,10472,19970,22236,12100,16696,19576,11584,14631
2021-04-15,13648,10469,19783,22211,12113,16656,19781,11646,14640
2021-04-16,13661,10469,20048,22379,12134,16843,19812,11673,14734
2021-04-19,13630,10472,19887,22460,12104,16874,19907,11694,14784
2021-04-20,13419,10476,19804,22298,12082,16870,19818,11675,14674
2021-04-21,13155,10488,19765,22058,12080,16950,19739,11630,14521
2021-04-22,13393,10489,19851,22240,12082,17002,19624,11636,14625
2021-04-23,13340,10487,19933,22105,12061,16933,19671,11623,14554
2021-04-26,13363,10481,19958,22308,12087,16976,19852,11649,14681
2021-04-27,13262,10479,19950,22417,12107,17099,19996,11655,14745
2021-04-28,13301,10467,20027,22561,12171,17212,20135,11709,14839
2021-04-30,13228,10468,20089,22669,12159,17323,20221,11760,14899
2021-05-06,13430,10472,20151,22516,12179,17057,19803,11731,14792
2021-05-07,13471,10474,20026,22623,12194,17193,19907,11822,14860
2021-05-10,13605,10476,20020,22774,12196,17348,19963,11877,14955
2021-05-11,13284,10483,20158,22630,12196,17413,19915,11897,14852
2021-05-12,13089,10481,20009,22362,12140,17151,19651,11867,14671
2021-05-13,12891,10460,19679,22151,12156,16908,19548,11874,14534
2021-05-14,13128,10473,19554,22322,12154,17045,19262,11899,14615
2021-05-17,13098,10477,19774,22634,12175,17208,19455,11898,14797
2021-05-18,13300,10475,19902,22557,12159,17181,19466,11892,14774
2021-05-19,13211,10476,20061,22432,12169,17204,19760,11895,14729
2021-05-20,13217,10469,20117,22333,12158,17144,19707,11871,14670
2021-05-21,13279,10465,19996,22548,12175,17273,19709,11857,14789
2021-05-24,13336,10469,20126,22554,12171,17242,19675,11847,14793
2021-05-25,13383,10472,20197,22721,12193,17406,19652,11859,14884
2021-05-26,13388,10472,20234,22686,12224,17396,19887,11873,14889
2021-05-27,13321,10474,20278,22786,12258,17507,20070,11923,14957
2021-05-28,13576,10466,20218,22993,12331,17598,20251,12028,15102
2021-05-31,13407,10469,20224,23000,12315,17701,20312,12028,15100
2021-06-01,13427,10468,20142,22914,12301,17664,20478,12025,15071
2021-06-02,13539,10462,20430,22998,12312,17959,20721,12064,15147
2021-06-03,13654,10461,20608,23026,12318,18158,20728,12118,15170
2021-06-04,13656,10458,20523,23050,12329,18191,20736,12117,15184
2021-06-07,13668,10461,20704,23100,12310,18101,20629,12130,15201
2021-06-08,13682,10469,20928,23097,12294,18302,20554,12121,15192
2021-06-09,13642,10478,20971,23104,12318,18470,20508,12133,15187
2021-06-10,13639,10489,21018,23109,12366,18523,20473,12146,15187
2021-06-11,13620,10499,20952,23172,12355,18632,20569,12160,15229
2021-06-14,13660,10495,21034,23281,12368,18602,20648,12156,15299
2021-06-15,13769,10485,20967,23407,12386,18728,20725,12170,15381
2021-06-16,13772,10478,20864,23385,12381,18540,20671,12143,15364
2021-06-17,13687,10468,20619,23378,12365,18479,20592,12114,15346
2021-06-18,13567,10478,20601,23248,12282,18321,20469,11988,15258
2021-06-21,13241,10485,20635,22918,12273,18054,20419,11909,15054
2021-06-22,13656,10479,20900,23189,12271,18364,20316,11932,15218
2021-06-23,13584,10482,20841,23419,12332,18419,20349,12000,15338
2021-06-24,13570,10483,20873,23444,12371,18450,20598,12044,15375
2021-06-25,13679,10481,20926,23576,12370,18375,20729,12073,15465
2021-06-28,13700,10476,21030,23580,12294,18443,20815,12056,15476
2021-06-29,13602,10475,21122,23545,12303,18270,20816,12055,15453
2021-06-30,13561,10473,21015,23570,12298,18222,20761,12019,15458
2021-07-01,13530,10486,20854,23624,12355,18200,20827,12061,15492
2021-07-02,13650,10493,21124,23849,12407,18360,20832,12058,15619
2021-07-05,13598,10497,21261,23899,12395,18391,20590,12040,15620
2021-07-06,13637,10494,21356,23860,12358,18391,20491,11998,15593
2021-07-07,13520,10498,21305,23691,12335,18420,20282,11893,15475
2021-07-08,13399,10507,21296,23796,12369,18449,20249,11872,15520
2021-07-09,13347,10499,21244,23427,12330,18270,19759,11780,15272
2021-07-12,13628,10501,21311,23765,12342,18628,19847,11841,15480
2021-07-13,13728,10505,21284,23898,12370,18854,20028,11885,15574
2021-07-14,13696,10511,21334,23853,12341,18630,20219,11850,15566
2021-07-15,13532,10525,21174,23708,12308,18602,20105,11837,15468
2021-07-16,13479,10517,21273,23592,12316,18588,20242,11810,15414
2021-07-19,13306,10518,21056,23435,12310,18603,20086,11823,15304
2021-07-20,13180,10526,20948,22982,12327,18164,19694,11735,15017
2021-07-21,13288,10517,20957,23357,12366,18604,19706,11785,15225
2021-07-26,13435,10521,20879,24019,12416,18787,19794,11857,15594
2021-07-27,13521,10514,21083,24000,12409,18746,19313,11829,15544
2021-07-28,13393,10520,21303,23794,12389,18760,18793,11786,15376
2021-07-29,13448,10520,21258,23824,12381,18725,19069,11812,15424
2021-07-30,13265,10523,21164,23899,12380,18661,19392,11848,15483
2021-08-02,13536,10523,21044,23797,12399,18729,19156,11828,15423
2021-08-03,13474,10529,20966,23744,12398,18659,19322,11828,15408
2021-08-04,13407,10535,21052,23825,12373,18610,19329,11796,15448
2021-08-05,13459,10529,21398,23905,12423,18649,19569,11840,15519
2021-08-06,13462,10522,21075,24085,12451,18939,19521,11832,15611
2021-08-10,13509,10515,20921,24165,12402,18879,19534,11775,15656
2021-08-11,13635,10505,20998,24255,12423,18786,19686,11807,15728
2021-08-12,13631,10512,21040,24259,12393,18833,19608,11796,15721
2021-08-13,13651,10511,20969,24337,12393,18843,19501,11810,15754
2021-08-16,13430,10520,20953,24196,12343,18804,19201,11741,15635
2021-08-17,13366,10524,20888,24120,12313,18743,19004,11698,15572
2021-08-18,13424,10520,21070,24030,12310,18703,18823,11707,15510
2021-08-19,13238,10517,20865,23931,12350,18697,18959,11711,15458
2021-08-20,13123,10520,20812,23825,12341,18646,18548,11662,15354
2021-08-23,13363,10516,20527,23989,12349,18730,18376,11652,15441
2021-08-24,13495,10513,20497,24200,12358,18710,18613,11672,15584
2021-08-25,13505,10512,20431,24268,12361,18695,19102,11770,15669
2021-08-26,13503,10516,20738,24372,12343,18738,19232,11814,15736
2021-08-27,13457,10511,21297,24207,12315,18710,19058,11777,15629
2021-08-30,13608,10515,21442,24371,12339,18877,19142,11826,15733
2021-08-31,13683,10511,21106,24487,12377,19045,19338,11896,15819
2021-09-01,13823,10507,21020,24496,12369,19186,19737,11982,15873
2021-09-02,13841,10510,21159,24521,12373,19398,19767,11969,15891
2021-09-03,14065,10504,21120,24603,12400,19486,19749,11951,15949
2021-09-06,14245,10496,21282,24555,12367,19458,19775,11955,15939
2021-09-07,14399,10497,21170,24589,12368,19444,19895,11952,15978
2021-09-08,14512,10491,21120,24586,12358,19328,20010,11968,15995
2021-09-09,14409,10497,21015,24469,12351,19323,19806,11917,15906
2021-09-10,14595,10497,20940,24284,12353,18945,19556,11883,15795
2021-09-13,14639,10498,20902,24174,12340,18753,19691,11909,15750
2021-09-14,14785,10499,21072,24234,12357,18867,19629,11915,15786
2021-09-15,14629,10507,20832,24036,12333,18748,19468,11836,15657
2021-09-16,14586,10500,20906,24104,12292,18740,19344,11839,15678
2021-09-17,14656,10494,20894,24159,12288,18823,19200,11801,15698
2021-09-21,14408,10499,20751,23464,12245,18486,18866,11678,15279
2021-09-22,14261,10501,20502,23442,12205,18458,18858,11650,15258
2021-09-24,14590,10484,20536,24205,12298,18869,19254,11799,15723
2021-09-27,14568,10479,20761,24234,12280,18696,19214,11777,15735
2021-09-28,14524,10465,20836,24222,12286,18585,19277,11760,15732
2021-09-29,14336,10474,20615,23848,12298,18525,19289,11762,15520
2021-09-30,14278,10475,20449,23916,12288,18622,19197,11753,15544
2021-10-01,13970,10489,19925,23620,12206,18326,19150,11704,15360
2021-10-04,13879,10489,20113,23710,12219,18462,19008,11718,15387
2021-10-05,13698,10481,20116,23442,12211,18478,18804,11650,15212
2021-10-06,13658,10470,20097,23835,12246,18458,18945,11706,15431
2021-10-07,13646,10476,20268,23797,12205,18536,18783,11679,15396
2021-10-08,13799,10466,20077,24122,12230,18693,19194,11691,15619
2021-10-11,14042,10459,20289,24210,12272,18685,19353,11756,15698
2021-10-12,13943,10459,20245,24338,12367,18910,19668,11837,15790
2021-10-13,13882,10465,20566,24300,12380,19117,19530,11851,15753
2021-10-14,13975,10469,20472,24426,12445,19302,19647,11909,15839
2021-10-15,14236,10470,20672,24906,12537,19595,19813,11970,16128
2021-10-18,14200,10461,20808,25167,12546,19712,20125,12055,16295
2021-10-19,14253,10463,20769,25217,12546,19731,20122,11982,16325
2021-10-20,14261,10457,20685,25496,12579,19830,20382,12065,16499
2021-10-21,14072,10462,20589,25516,12546,20011,20408,12034,16499
2021-10-22,14082,10454,20410,25497,12470,19954,20209,11902,16470
2021-10-25,14034,10451,20473,25428,12464,19970,20181,11873,16428
2021-10-26,14195,10450,20389,25531,12471,20021,20265,11907,16502
2021-10-27,14162,10453,20547,25654,12512,20130,20283,11924,16569
2021-10-28,14062,10464,20573,25457,12552,19989,20049,11873,16433
2021-10-29,14072,10464,20684,25664,12551,20198,19902,11819,16530
2021-11-01,14379,10469,20535,25719,12496,20015,19767,11823,16567
2021-11-02,14287,10470,20572,25831,12505,20114,19806,11761,16625
2021-11-04,14457,10474,20624,26053,12551,20377,19801,11827,16754
2021-11-05,14358,10485,20689,26039,12516,20166,19786,11750,16739
2021-11-08,14315,10486,20714,26076,12571,20283,19724,11831,16750
2021-11-09,14200,10481,20448,26041,12523,20186,19731,11839,16724
2021-11-10,14123,10487,20354,25884,12536,20136,19697,11834,16632
2021-11-11,14168,10478,20432,25908,12514,20260,19902,11850,16669
2021-11-12,14352,10474,20365,25986,12504,20322,20099,11899,16742
2021-11-15,14408,10480,20385,26114,12484,20288,20096,11824,16814
2021-11-16,14424,10476,20497,26156,12451,20512,20148,11852,16844
2021-11-17,14336,10472,20368,26362,12484,20499,20329,11831,16966
2021-11-18,14317,10469,20422,26142,12417,20419,20160,11753,16832
2021-11-19,14381,10475,20343,26235,12488,20515,19978,11721,16869
2021-11-22,14369,10474,20320,26076,12458,20322,19818,11636,16767
2021-11-24,14202,10467,20397,26169,12453,20548,19860,11609,16810
2021-11-25,14248,10467,20490,26246,12444,20775,19832,11600,16852
2021-11-26,13963,10475,20447,26172,12413,20736,19756,11525,16787
2021-11-29,13706,10472,20032,25296,12428,19964,19046,11407,16237
2021-11-30,13555,10488,19845,25560,12410,20092,19049,11432,16366
2021-12-01,13630,10484,20020,25020,12424,19681,18867,11450,16069
2021-12-02,13552,10484,19850,24774,12370,19383,18989,11398,15944
2021-12-03,13773,10491,20058,25021,12393,19795,19184,11431,16108
2021-12-06,13699,10498,19966,24793,12427,19693,19000,11412,15963
2021-12-07,13997,10484,20097,25172,12448,20093,18911,11474,16175
2021-12-08,14085,10489,20329,25734,12438,20337,19278,11545,16517
2021-12-09,14004,10489,20477,25879,12447,20534,19403,11631,16601
2021-12-10,13896,10485,20516,25601,12402,20238,19414,11551,16447
2021-12-13,13915,10490,20298,25769,12429,20261,19313,11582,16529
2021-12-14,13884,10493,20184,25565,12458,20396,19188,11563,16406
2021-12-15,13957,10493,20169,25395,12452,20235,19078,11527,16310
2021-12-16,14160,10498,20151,25823,12493,20540,19060,11560,16551
2021-12-17,13959,10497,20525,25637,12477,20458,19132,11550,16445
2021-12-20,13656,10502,20025,25341,12427,20384,18914,11511,16247
2021-12-21,13856,10490,20192,25060,12427,20212,18584,11532,16080
2021-12-22,13866,10481,20106,25623,12426,20547,18886,11595,16409
2021-12-23,13993,10475,20224,25906,12468,20730,19006,11655,16580
2021-12-24,13974,10475,20285,26148,12457,20783,19200,11712,16726
2021-12-27,13912,10478,20194,26121,12444,20788,19180,11722,16706
2021-12-28,14101,10473,20385,26543,12515,21151,19287,11779,16954
2021-12-29,14077,10475,20558,26517,12498,21197,19358,11748,16944
2021-12-30,14031,10462,20519,26595,12484,21408,19247,11745,16971
2022-01-04,14297,10455,20663,26694,12472,21477,19547,11781,17073
2022-01-05,14362,10455,20305,26886,12522,21703,19693,11809,17194
2022-01-06,14064,10438,20211,26432,12496,21299,19446,11776,16908
2022-01-07,14054,10428,20098,26315,12449,21198,19385,11758,16839
2022-01-11,13992,10418,20022,26012,12379,20879,19530,11715,16687
2022-01-12,14221,10438,20000,26280,12416,20878,19714,11764,16863
2022-01-13,14124,10438,19968,26254,12397,20815,19987,11781,16869
2022-01-14,13928,10417,19810,25840,12370,20737,19784,11691,16615
2022-01-17,13991,10424,19693,25829,12327,20626,19730,11712,16610
2022-01-18,13932,10421,19536,25929,12337,20673,19745,11744,16661
2022-01-19,13521,10429,18854,25504,12265,20533,19548,11672,16388
2022-01-20,13652,10422,18288,25252,12242,20261,19480,11716,16255
2022-01-21,13571,10430,18700,24948,12180,19938,19608,11683,16099
2022-01-24,13590,10427,18847,24492,12245,19862,19427,11722,15838
2022-01-25,13356,10426,18740,24378,12255,19799,19130,11657,15733
2022-01-26,13323,10426,18956,24114,12203,19697,18928,11655,15571
2022-01-27,12976,10409,19316,24290,12211,19649,19040,11685,15651
2022-01-28,13219,10399,19352,24336,12267,19501,18890,11755,15676
2022-01-31,13353,10386,19409,24739,12268,19925,18889,11726,15900
2022-02-01,13353,10376,19189,25142,12251,20114,19115,11771,16138
2022-02-02,13638,10378,19237,25280,12215,19990,19136,11798,16231
2022-02-03,13520,10382,19364,25411,12220,20176,19086,11796,16288
2022-02-04,13595,10360,19241,25027,12266,20105,19139,11882,16093
2022-02-07,13562,10350,19067,25159,12215,19920,19332,11885,16181
2022-02-08,13620,10331,18673,25147,12210,19852,19308,11917,16175
2022-02-09,13748,10340,18986,25360,12183,19817,19378,11960,16304
2022-02-10,13821,10317,19298,25766,12219,20252,19712,12007,16558
2022-02-14,13597,10314,18884,24959,12106,19728,19620,11913,16102
2022-02-15,13484,10307,18611,24771,12063,19541,19348,11905,15968
2022-02-16,13709,10292,18986,25229,12082,19757,19568,12014,16247
2022-02-17,13600,10269,19097,25207,12098,19918,19771,12039,16248
2022-02-18,13551,10293,19018,24639,12076,19718,19634,11981,15929
2022-02-21,13457,10315,18924,24456,12106,19613,19465,11967,15809
2022-02-22,13248,10335,18649,24328,12060,19537,19229,11861,15705
2022-02-24,13083,10332,18682,23802,12028,19248,19027,11872,15393
2022-02-25,13219,10308,18698,23997,12074,19422,18366,11677,15445
2022-02-28,13293,10335,18841,24566,12044,19926,18583,11616,15771
2022-03-01,13365,10333,18961,24493,12111,19667,18489,11481,15730
2022-03-02,13102,10369,19075,23999,12194,19461,18433,11301,15445
2022-03-03,13257,10349,19005,24504,12152,19869,18455,11170,15725
2022-03-04,12998,10362,18967,24213,12073,19915,18392,11089,15547
2022-03-07,12638,10376,18867,23755,12046,19864,17896,10881,15233
2022-03-08,12398,10350,18747,23227,12039,19562,17418,10786,14891
2022-03-09,12392,10351,18505,23169,12020,19602,17324,10840,14851
2022-03-10,12893,10332,18965,23938,12039,19965,17530,10979,15313
2022-03-11,12679,10335,18808,23844,11972,20095,17737,10968,15269
2022-03-14,12766,10331,18732,23856,12072,20152,17524,11065,15260
2022-03-15,12868,10309,18651,23878,12052,20133,17137,11101,15239
2022-03-16,13056,10318,18974,24272,12081,20255,16735,11132,15424
2022-03-17,13378,10321,19077,25045,12172,20626,17775,11325,15959
2022-03-18,13452,10317,19371,25316,12172,20844,18315,11313,16163
2022-03-22,13623,10303,19814,25832,12188,21023,18386,11388,16458
2022-03-23,13939,10294,19680,26386,12278,21354,18890,11516,16824
2022-03-24,13958,10288,19897,26073,12293,21129,18985,11504,16669
2022-03-25,13958,10274,19675,26572,12386,21404,19096,11602,16946
2022-03-28,13899,10245,19963,26675,12316,21698,18914,11642,16979
2022-03-29,14027,10225,20274,27266,12517,22201,19256,11804,17336
2022-03-30,14013,10267,19975,27304,12399,22474,19206,11772,17348
2022-03-31,13862,10307,20113,27166,12439,22369,19380,11828,17283
2022-04-01,13846,10302,20305,26709,12427,22044,19191,11792,17021
2022-04-04,13914,10300,20282,26844,12406,22417,19320,11850,17110
2022-04-05,13881,10294,20301,27082,12392,22302,19613,11888,17263
2022-04-06,13695,10257,20206,27070,12385,22439,19700,11924,17265
2022-04-07,13480,10263,20066,26714,12327,22541,19427,11846,17024
2022-04-08,13509,10280,19808,26793,12294,22402,19187,11823,17045
2022-04-11,13457,10263,19982,26982,12354,22572,19353,11876,17158
2022-04-12,13272,10259,19884,26807,12376,22529,19217,11938,17038
2022-04-13,13461,10268,19926,26703,12386,22492,19203,11936,16994
2022-04-14,13588,10284,20018,26980,12444,22654,19369,11977,17167
2022-04-15,13504,10287,20008,26881,12400,22718,19442,11992,17117
2022-04-18,13387,10278,20073,26940,12428,22766,19391,12032,17136
2022-04-19,13500,10273,19859,27050,12467,22820,19421,12101,17204
2022-04-20,13637,10258,19809,27821,12618,23561,19537,12222,17637
2022-04-21,13729,10258,19936,27621,12584,23635,19356,12108,17519
2022-04-22,13566,10244,20018,27355,12551,23614,19253,12073,17356
2022-04-25,13362,10254,19986,26671,12524,23226,19049,11977,16958
2022-04-26,13376,10260,19968,26407,12431,22931,18416,11791,16756
2022-04-27,13250,10265,20093,25733,12418,22650,18414,11691,16390
2022-04-28,13527,10279,19875,25997,12465,22692,18562,11802,16561
2022-05-02,13518,10265,19985,26090,12490,22353,19257,11853,16678
2022-05-06,13645,10249,20047,26100,12407,21731,19004,11840,16668
2022-05-09,13378,10239,19867,25885,12351,21381,18564,11763,16492
2022-05-10,13266,10241,19702,24924,12320,20422,18149,11582,15930
2022-05-11,13188,10247,19540,25041,12407,20197,18088,11615,15981
2022-05-12,13033,10257,19547,24681,12383,20122,18045,11581,15774
2022-05-13,13282,10265,19833,24405,12325,20013,17554,11500,15596
2022-05-16,13277,10260,19802,25170,12342,20645,17986,11564,16047
2022-05-17,13301,10254,19894,25042,12353,20550,17961,11366,15978
2022-05-18,13429,10253,19991,25558,12336,20797,18409,11463,16305
2022-05-19,13254,10260,19944,24520,12246,20150,18245,11334,15724
2022-05-20,13378,10272,19945,24300,12269,19902,17929,11380,15584
2022-05-23,13501,10275,19996,24355,12281,19989,18229,11480,15651
2022-05-24,13384,10285,19821,24786,12277,20163,18234,11553,15873
2022-05-25,13372,10300,20089,24409,12274,20129,17847,11504,15635
2022-05-26,13379,10268,19969,24730,12332,20332,17973,11572,15818
2022-05-27,13448,10278,19995,25064,12277,20337,17978,11540,15999
2022-05-30,13698,10274,20175,25618,12294,20769,18327,11612,16345
2022-05-31,13628,10262,20219,25921,12385,21013,18830,11736,16553
2022-06-01,13814,10259,20239,25879,12372,20964,19175,11794,16574
2022-06-02,13727,10250,20277,25887,12390,20985,19154,11838,16572
2022-06-03,13775,10264,20207,26318,12406,21140,19099,11901,16799
2022-06-06,13816,10256,20239,26146,12442,21059,19161,11973,16716
2022-06-07,13873,10243,20302,26521,12506,21188,19524,12074,16955
2022-06-08,14036,10245,20358,26824,12617,21508,19488,12076,17122
2022-06-09,14030,10240,20398,26914,12730,21306,19922,12186,17214
2022-06-10,13845,10231,20235,26239,12607,20796,19758,12102,16825
2022-06-13,13544,10180,20060,25580,12519,20495,19577,11987,16436
2022-06-14,13385,10158,19543,24494,12250,19480,18821,11727,15773
2022-06-15,13223,10128,18973,24492,12245,19440,18977,11751,15778
2022-06-16,13308,10169,19325,24742,12295,19754,19004,11806,15919
2022-06-17,13079,10169,19396,23814,12252,19252,18565,11661,15367
2022-06-20,12960,10151,19226,24191,12455,19615,18737,11826,15577
2022-06-21,13224,10144,19328,24265,12439,19664,18694,11788,15630
2022-06-22,13199,10145,19166,24952,12505,19971,19181,11936,16040
2022-06-23,13193,10162,19254,24847,12627,20062,18706,11937,15935
2022-06-24,13299,10163,19307,24783,12621,20168,18622,11869,15900
2022-06-27,13446,10140,19524,25402,12555,20515,18882,11841,16266
2022-06-28,13589,10132,19837,25578,12587,20691,19272,11898,16407
2022-06-29,13508,10145,19936,25302,12579,20692,19370,11898,16264
2022-06-30,13346,10162,19886,25310,12682,20508,19201,11940,16241
